﻿<?xml version="1.0" encoding="utf-8" ?>
<ApplicationPackage SchemaVersion="1.0"
                    AutodeskProduct="AutoCAD"
                    ProductType="Application"
                    Name="$projectname$">
  <CompanyDetails Name="" Phone=" " Url="" Email="" />
  <RuntimeRequirements SeriesMax="R20.0"
                       SeriesMin="R20.0"
                       Platform="Plant3D"
                       OS="Win32|Win64" />
  <Components>
    <ComponentEntry AppName="Commands for $safeprojectname$"
                    Version="1.0"
                    ModuleName="./Contents/Win/$safeprojectname$.dll"
                    AppDescription="Descrition for command module of $safeprojectname$"
                    LoadOnCommandInvocation="True" LoadOnRequest="True">
      <Commands>
        <Command Local="test$safeprojectname$" Global="test$safeprojectname$" />
      </Commands>
    </ComponentEntry>
  </Components>
</ApplicationPackage>